169.1,54.6,37.5,87.5,38.7,41.7,69.6,93,1,155,80,64,86.4,32.4,38.4,37,49,160,84,68,90,33.6,39.4,38,50.5,165,88,72,93.6,34.4,40.4,39,52,170,92,76,97.2,35.2,41.4,40,53.5,2
157,54.5,40,88.5,45,39,69.5,89.5,1,155,80,64,86.4,32.4,38.4,37,49,160,84,68,90,33.6,39.4,38,50.5,165,88,72,93.6,34.4,40.4,39,52,170,92,76,97.2,35.2,41.4,40,53.5,2
163,53,40,86,37,40,65,95,1,155,80,64,86.4,32.4,38.4,37,49,160,84,68,90,33.6,39.4,38,50.5,165,88,72,93.6,34.4,40.4,39,52,170,92,76,97.2,35.2,41.4,40,53.5,1
162,51,36,76.5,37,38,60.5,84,1,155,80,64,86.4,32.4,38.4,37,49,160,84,68,90,33.6,39.4,38,50.5,165,88,72,93.6,34.4,40.4,39,52,170,92,76,97.2,35.2,41.4,40,53.5,0
169.2,54,37.4,87.7,39,41.8,69.3,92.4,1,155,80,64,86.4,32.4,38.4,37,49,160,84,68,90,33.6,39.4,38,50.5,165,88,72,93.6,34.4,40.4,39,52,170,92,76,97.2,35.2,41.4,40,53.5,2
156.6,50.5,32.4,81.2,35.2,39.3,62.2,83.1,1,155,80,64,86.4,32.4,38.4,37,49,160,84,68,90,33.6,39.4,38,50.5,165,88,72,93.6,34.4,40.4,39,52,170,92,76,97.2,35.2,41.4,40,53.5,0
163,55,37.5,80,44,38.5,63,88.5,1,155,80,64,86.4,32.4,38.4,37,49,160,84,68,90,33.6,39.4,38,50.5,165,88,72,93.6,34.4,40.4,39,52,170,92,76,97.2,35.2,41.4,40,53.5,1
154,47,31,73,34,34,57.5,82.5,1,155,80,64,86.4,32.4,38.4,37,49,160,84,68,90,33.6,39.4,38,50.5,165,88,72,93.6,34.4,40.4,39,52,170,92,76,97.2,35.2,41.4,40,53.5,0
159,47,33.5,77.5,35,34,60.5,84,1,155,80,64,86.4,32.4,38.4,37,49,160,84,68,90,33.6,39.4,38,50.5,165,88,72,93.6,34.4,40.4,39,52,170,92,76,97.2,35.2,41.4,40,53.5,0
160.6,68,36,88.2,40.5,36.5,69,92.5,1,155,80,64,86.4,32.4,38.4,37,49,160,84,68,90,33.6,39.4,38,50.5,165,88,72,93.6,34.4,40.4,39,52,170,92,76,97.2,35.2,41.4,40,53.5,2
162,53,36,81,40,38,63,83,1,155,80,64,86.4,32.4,38.4,37,49,160,84,68,90,33.6,39.4,38,50.5,165,88,72,93.6,34.4,40.4,39,52,170,92,76,97.2,35.2,41.4,40,53.5,0
155,51,37.5,82,36,36,67,87,1,155,80,64,86.4,32.4,38.4,37,49,160,84,68,90,33.6,39.4,38,50.5,165,88,72,93.6,34.4,40.4,39,52,170,92,76,97.2,35.2,41.4,40,53.5,0
162.5,53,36.5,83,37,37.5,60.5,87.5,1,155,80,64,86.4,32.4,38.4,37,49,160,84,68,90,33.6,39.4,38,50.5,165,88,72,93.6,34.4,40.4,39,52,170,92,76,97.2,35.2,41.4,40,53.5,1
172.9,54.3,33.2,81.3,36.9,37.4,63.1,87.3,1,155,80,64,86.4,32.4,38.4,37,49,160,84,68,90,33.6,39.4,38,50.5,165,88,72,93.6,34.4,40.4,39,52,170,92,76,97.2,35.2,41.4,40,53.5,2
172.4,52.3,35.3,84.9,37.8,41.5,63.8,88.1,1,155,80,64,86.4,32.4,38.4,37,49,160,84,68,90,33.6,39.4,38,50.5,165,88,72,93.6,34.4,40.4,39,52,170,92,76,97.2,35.2,41.4,40,53.5,2
171,57.1,37.8,88,35.8,42.1,65.8,90.5,1,155,80,64,86.4,32.4,38.4,37,49,160,84,68,90,33.6,39.4,38,50.5,165,88,72,93.6,34.4,40.4,39,52,170,92,76,97.2,35.2,41.4,40,53.5,2
172.2,53.9,34.1,84.6,37,43.5,65.2,87.7,1,155,80,64,86.4,32.4,38.4,37,49,160,84,68,90,33.6,39.4,38,50.5,165,88,72,93.6,34.4,40.4,39,52,170,92,76,97.2,35.2,41.4,40,53.5,2
171.6,54.2,36.3,83.9,36.5,39.9,66.2,95.8,1,155,80,64,86.4,32.4,38.4,37,49,160,84,68,90,33.6,39.4,38,50.5,165,88,72,93.6,34.4,40.4,39,52,170,92,76,97.2,35.2,41.4,40,53.5,2
165.5,43.5,35.8,89,41.8,40.4,74,94.3,1,155,80,64,86.4,32.4,38.4,37,49,160,84,68,90,33.6,39.4,38,50.5,165,88,72,93.6,34.4,40.4,39,52,170,92,76,97.2,35.2,41.4,40,53.5,2
157,50,37,86,38,38.5,70,89,1,155,80,64,86.4,32.4,38.4,37,49,160,84,68,90,33.6,39.4,38,50.5,165,88,72,93.6,34.4,40.4,39,52,170,92,76,97.2,35.2,41.4,40,53.5,1
166.7,55.7,34.9,87.6,38.4,41.2,68.6,93.2,1,155,80,64,86.4,32.4,38.4,37,49,160,84,68,90,33.6,39.4,38,50.5,165,88,72,93.6,34.4,40.4,39,52,170,92,76,97.2,35.2,41.4,40,53.5,2
163,52.8,36.3,84.3,38.8,39.9,69.7,91.4,1,155,80,64,86.4,32.4,38.4,37,49,160,84,68,90,33.6,39.4,38,50.5,165,88,72,93.6,34.4,40.4,39,52,170,92,76,97.2,35.2,41.4,40,53.5,1
153.5,47.4,35.6,83.8,35.5,36.3,70.7,89.6,1,155,80,64,86.4,32.4,38.4,37,49,160,84,68,90,33.6,39.4,38,50.5,165,88,72,93.6,34.4,40.4,39,52,170,92,76,97.2,35.2,41.4,40,53.5,0
159.5,53,38,86.5,37,37.5,68.5,91,1,155,80,64,86.4,32.4,38.4,37,49,160,84,68,90,33.6,39.4,38,50.5,165,88,72,93.6,34.4,40.4,39,52,170,92,76,97.2,35.2,41.4,40,53.5,1
173.7,55,35.3,83.8,38.1,38.5,64.4,90.2,1,155,80,64,86.4,32.4,38.4,37,49,160,84,68,90,33.6,39.4,38,50.5,165,88,72,93.6,34.4,40.4,39,52,170,92,76,97.2,35.2,41.4,40,53.5,2
166,53,34,82.5,35,39.5,67,92,1,155,80,64,86.4,32.4,38.4,37,49,160,84,68,90,33.6,39.4,38,50.5,165,88,72,93.6,34.4,40.4,39,52,170,92,76,97.2,35.2,41.4,40,53.5,2
161,54,40,90,38,39.5,67,91,1,155,80,64,86.4,32.4,38.4,37,49,160,84,68,90,33.6,39.4,38,50.5,165,88,72,93.6,34.4,40.4,39,52,170,92,76,97.2,35.2,41.4,40,53.5,2
155,48.5,30.5,82.5,38,36.5,62.5,85.5,1,155,80,64,86.4,32.4,38.4,37,49,160,84,68,90,33.6,39.4,38,50.5,165,88,72,93.6,34.4,40.4,39,52,170,92,76,97.2,35.2,41.4,40,53.5,0
172.7,52.7,35.6,81.1,36.7,38.3,62.3,87.5,1,155,80,64,86.4,32.4,38.4,37,49,160,84,68,90,33.6,39.4,38,50.5,165,88,72,93.6,34.4,40.4,39,52,170,92,76,97.2,35.2,41.4,40,53.5,2
168.6,51.2,33,86.9,36.3,42.2,67.6,91.4,1,155,80,64,86.4,32.4,38.4,37,49,160,84,68,90,33.6,39.4,38,50.5,165,88,72,93.6,34.4,40.4,39,52,170,92,76,97.2,35.2,41.4,40,53.5,2
165.5,54,38,80.5,36.5,35,70.5,92.5,1,155,80,64,86.4,32.4,38.4,37,49,160,84,68,90,33.6,39.4,38,50.5,165,88,72,93.6,34.4,40.4,39,52,170,92,76,97.2,35.2,41.4,40,53.5,1
158.5,50,35,82,39.5,37.5,65,84,1,155,80,64,86.4,32.4,38.4,37,49,160,84,68,90,33.6,39.4,38,50.5,165,88,72,93.6,34.4,40.4,39,52,170,92,76,97.2,35.2,41.4,40,53.5,0
169,52.5,35.5,80.5,37,41,64.5,90,1,155,80,64,86.4,32.4,38.4,37,49,160,84,68,90,33.6,39.4,38,50.5,165,88,72,93.6,34.4,40.4,39,52,170,92,76,97.2,35.2,41.4,40,53.5,2
159,50.5,37,79,33,39,61,86,1,155,80,64,86.4,32.4,38.4,37,49,160,84,68,90,33.6,39.4,38,50.5,165,88,72,93.6,34.4,40.4,39,52,170,92,76,97.2,35.2,41.4,40,53.5,0
157.4,48,32.7,80.8,37.2,38.7,63,86.4,1,155,80,64,86.4,32.4,38.4,37,49,160,84,68,90,33.6,39.4,38,50.5,165,88,72,93.6,34.4,40.4,39,52,170,92,76,97.2,35.2,41.4,40,53.5,0
168,53.5,38,88,39,39.5,67.5,93.5,1,155,80,64,86.4,32.4,38.4,37,49,160,84,68,90,33.6,39.4,38,50.5,165,88,72,93.6,34.4,40.4,39,52,170,92,76,97.2,35.2,41.4,40,53.5,2
169.3,54.3,39.9,88,38.1,41.1,71.3,92.8,1,155,80,64,86.4,32.4,38.4,37,49,160,84,68,90,33.6,39.4,38,50.5,165,88,72,93.6,34.4,40.4,39,52,170,92,76,97.2,35.2,41.4,40,53.5,2
160,53.5,37,83,37,38.5,67.5,89,1,155,80,64,86.4,32.4,38.4,37,49,160,84,68,90,33.6,39.4,38,50.5,165,88,72,93.6,34.4,40.4,39,52,170,92,76,97.2,35.2,41.4,40,53.5,1
158,51.5,33,82,35.5,36.5,65,85,1,155,80,64,86.4,32.4,38.4,37,49,160,84,68,90,33.6,39.4,38,50.5,165,88,72,93.6,34.4,40.4,39,52,170,92,76,97.2,35.2,41.4,40,53.5,0
161.5,50.7,36.1,83.2,34.7,39.1,63.2,88.1,1,155,80,64,86.4,32.4,38.4,37,49,160,84,68,90,33.6,39.4,38,50.5,165,88,72,93.6,34.4,40.4,39,52,170,92,76,97.2,35.2,41.4,40,53.5,1
160.5,55,37,81.5,38,39.5,68,87,1,155,80,64,86.4,32.4,38.4,37,49,160,84,68,90,33.6,39.4,38,50.5,165,88,72,93.6,34.4,40.4,39,52,170,92,76,97.2,35.2,41.4,40,53.5,1
158.5,50,34,75,36,36,60.5,84.5,1,155,80,64,86.4,32.4,38.4,37,49,160,84,68,90,33.6,39.4,38,50.5,165,88,72,93.6,34.4,40.4,39,52,170,92,76,97.2,35.2,41.4,40,53.5,0
161.2,52,34.4,80,33,33.5,58,86,1,155,80,64,86.4,32.4,38.4,37,49,160,84,68,90,33.6,39.4,38,50.5,165,88,72,93.6,34.4,40.4,39,52,170,92,76,97.2,35.2,41.4,40,53.5,0
165.5,53,39,75,40,36,63,83,1,155,80,64,86.4,32.4,38.4,37,49,160,84,68,90,33.6,39.4,38,50.5,165,88,72,93.6,34.4,40.4,39,52,170,92,76,97.2,35.2,41.4,40,53.5,1
158.5,52,37.5,87,38.5,37.5,69.5,88,1,155,80,64,86.4,32.4,38.4,37,49,160,84,68,90,33.6,39.4,38,50.5,165,88,72,93.6,34.4,40.4,39,52,170,92,76,97.2,35.2,41.4,40,53.5,1
167,54,41,78,44.5,35.5,65,90.5,1,155,80,64,86.4,32.4,38.4,37,49,160,84,68,90,33.6,39.4,38,50.5,165,88,72,93.6,34.4,40.4,39,52,170,92,76,97.2,35.2,41.4,40,53.5,1
166.3,53.1,35.8,85.8,38.4,40.2,70,92,1,155,80,64,86.4,32.4,38.4,37,49,160,84,68,90,33.6,39.4,38,50.5,165,88,72,93.6,34.4,40.4,39,52,170,92,76,97.2,35.2,41.4,40,53.5,1
157.7,53,37.5,89.5,38.5,40,71,95,1,155,80,64,86.4,32.4,38.4,37,49,160,84,68,90,33.6,39.4,38,50.5,165,88,72,93.6,34.4,40.4,39,52,170,92,76,97.2,35.2,41.4,40,53.5,2
158.5,53.5,37,81,38,34.5,65.5,84,1,155,80,64,86.4,32.4,38.4,37,49,160,84,68,90,33.6,39.4,38,50.5,165,88,72,93.6,34.4,40.4,39,52,170,92,76,97.2,35.2,41.4,40,53.5,0
162,53.5,34.5,86,40,39.5,67,92,1,155,80,64,86.4,32.4,38.4,37,49,160,84,68,90,33.6,39.4,38,50.5,165,88,72,93.6,34.4,40.4,39,52,170,92,76,97.2,35.2,41.4,40,53.5,2
170.8,55.4,37,83.7,35.7,42.4,68.8,92.7,1,155,80,64,86.4,32.4,38.4,37,49,160,84,68,90,33.6,39.4,38,50.5,165,88,72,93.6,34.4,40.4,39,52,170,92,76,97.2,35.2,41.4,40,53.5,2
173,56,38,89,40,43,74,98,1,155,80,64,86.4,32.4,38.4,37,49,160,84,68,90,33.6,39.4,38,50.5,165,88,72,93.6,34.4,40.4,39,52,170,92,76,97.2,35.2,41.4,40,53.5,2
173.8,56.7,38.9,85.9,38.7,37.7,66.9,91.6,1,155,80,64,86.4,32.4,38.4,37,49,160,84,68,90,33.6,39.4,38,50.5,165,88,72,93.6,34.4,40.4,39,52,170,92,76,97.2,35.2,41.4,40,53.5,2
158,49,38,76,31.5,35,58,88.5,1,155,80,64,86.4,32.4,38.4,37,49,160,84,68,90,33.6,39.4,38,50.5,165,88,72,93.6,34.4,40.4,39,52,170,92,76,97.2,35.2,41.4,40,53.5,0
162,50.5,35.5,77.5,37,38,62.5,86.5,1,155,80,64,86.4,32.4,38.4,37,49,160,84,68,90,33.6,39.4,38,50.5,165,88,72,93.6,34.4,40.4,39,52,170,92,76,97.2,35.2,41.4,40,53.5,0
167.5,51,30,81.5,36,40,63.5,91.5,1,155,80,64,86.4,32.4,38.4,37,49,160,84,68,90,33.6,39.4,38,50.5,165,88,72,93.6,34.4,40.4,39,52,170,92,76,97.2,35.2,41.4,40,53.5,2
154.4,49,33.4,78.9,36.6,38.2,60.4,82,1,155,80,64,86.4,32.4,38.4,37,49,160,84,68,90,33.6,39.4,38,50.5,165,88,72,93.6,34.4,40.4,39,52,170,92,76,97.2,35.2,41.4,40,53.5,0
155,55,37,79,36,38.5,65,90.5,1,155,80,64,86.4,32.4,38.4,37,49,160,84,68,90,33.6,39.4,38,50.5,165,88,72,93.6,34.4,40.4,39,52,170,92,76,97.2,35.2,41.4,40,53.5,0
168.5,56.5,36,87,38,41,65.5,90,1,155,80,64,86.4,32.4,38.4,37,49,160,84,68,90,33.6,39.4,38,50.5,165,88,72,93.6,34.4,40.4,39,52,170,92,76,97.2,35.2,41.4,40,53.5,2
157.8,50.8,33.7,80.6,35.1,39.1,59.8,86,1,155,80,64,86.4,32.4,38.4,37,49,160,84,68,90,33.6,39.4,38,50.5,165,88,72,93.6,34.4,40.4,39,52,170,92,76,97.2,35.2,41.4,40,53.5,0
153.6,47.7,31,77.5,35.1,36.5,61.3,84.6,1,155,80,64,86.4,32.4,38.4,37,49,160,84,68,90,33.6,39.4,38,50.5,165,88,72,93.6,34.4,40.4,39,52,170,92,76,97.2,35.2,41.4,40,53.5,0
163,52,36.1,84.7,38.6,39,67.4,91.1,1,155,80,64,86.4,32.4,38.4,37,49,160,84,68,90,33.6,39.4,38,50.5,165,88,72,93.6,34.4,40.4,39,52,170,92,76,97.2,35.2,41.4,40,53.5,1
172.9,53.4,32.4,87.8,37.7,39.3,72.4,94.6,1,155,80,64,86.4,32.4,38.4,37,49,160,84,68,90,33.6,39.4,38,50.5,165,88,72,93.6,34.4,40.4,39,52,170,92,76,97.2,35.2,41.4,40,53.5,2
156,50,36.5,76,35,40,61,86,1,155,80,64,86.4,32.4,38.4,37,49,160,84,68,90,33.6,39.4,38,50.5,165,88,72,93.6,34.4,40.4,39,52,170,92,76,97.2,35.2,41.4,40,53.5,0
157,50.7,35,87.9,39.7,40.3,74.9,92.4,1,155,80,64,86.4,32.4,38.4,37,49,160,84,68,90,33.6,39.4,38,50.5,165,88,72,93.6,34.4,40.4,39,52,170,92,76,97.2,35.2,41.4,40,53.5,1
173.4,52.1,35.1,86.8,37.1,39.5,69.2,94.4,1,155,80,64,86.4,32.4,38.4,37,49,160,84,68,90,33.6,39.4,38,50.5,165,88,72,93.6,34.4,40.4,39,52,170,92,76,97.2,35.2,41.4,40,53.5,2
153,46,32.5,81,36,37.5,67,90.5,1,155,80,64,86.4,32.4,38.4,37,49,160,84,68,90,33.6,39.4,38,50.5,165,88,72,93.6,34.4,40.4,39,52,170,92,76,97.2,35.2,41.4,40,53.5,0
169.1,52.1,38.2,86.4,41.7,45,70.5,93,1,155,80,64,86.4,32.4,38.4,37,49,160,84,68,90,33.6,39.4,38,50.5,165,88,72,93.6,34.4,40.4,39,52,170,92,76,97.2,35.2,41.4,40,53.5,2
156.4,48.3,37.1,85.3,36.2,39.9,68,89.3,1,155,80,64,86.4,32.4,38.4,37,49,160,84,68,90,33.6,39.4,38,50.5,165,88,72,93.6,34.4,40.4,39,52,170,92,76,97.2,35.2,41.4,40,53.5,1
159.4,51,34.5,82.5,33,35.5,59,81,1,155,80,64,86.4,32.4,38.4,37,49,160,84,68,90,33.6,39.4,38,50.5,165,88,72,93.6,34.4,40.4,39,52,170,92,76,97.2,35.2,41.4,40,53.5,0
167.5,53.5,39,84,37,39.5,68.5,91,1,155,80,64,86.4,32.4,38.4,37,49,160,84,68,90,33.6,39.4,38,50.5,165,88,72,93.6,34.4,40.4,39,52,170,92,76,97.2,35.2,41.4,40,53.5,2
163.5,56,37,84,37,39,64,91.5,1,155,80,64,86.4,32.4,38.4,37,49,160,84,68,90,33.6,39.4,38,50.5,165,88,72,93.6,34.4,40.4,39,52,170,92,76,97.2,35.2,41.4,40,53.5,1
160.2,51,35,77.5,37,36,61,86,1,155,80,64,86.4,32.4,38.4,37,49,160,84,68,90,33.6,39.4,38,50.5,165,88,72,93.6,34.4,40.4,39,52,170,92,76,97.2,35.2,41.4,40,53.5,0
158,52,40.8,83,35,38.5,66,89,1,155,80,64,86.4,32.4,38.4,37,49,160,84,68,90,33.6,39.4,38,50.5,165,88,72,93.6,34.4,40.4,39,52,170,92,76,97.2,35.2,41.4,40,53.5,1
159,48.9,33.6,82.8,36.8,42.4,63.1,88.6,1,155,80,64,86.4,32.4,38.4,37,49,160,84,68,90,33.6,39.4,38,50.5,165,88,72,93.6,34.4,40.4,39,52,170,92,76,97.2,35.2,41.4,40,53.5,1
156.5,52.5,35.5,81,40,39,63.5,85.5,1,155,80,64,86.4,32.4,38.4,37,49,160,84,68,90,33.6,39.4,38,50.5,165,88,72,93.6,34.4,40.4,39,52,170,92,76,97.2,35.2,41.4,40,53.5,0
170.6,53.9,36.4,84,37.3,39.5,62.6,88.9,1,155,80,64,86.4,32.4,38.4,37,49,160,84,68,90,33.6,39.4,38,50.5,165,88,72,93.6,34.4,40.4,39,52,170,92,76,97.2,35.2,41.4,40,53.5,2
153,48,31,87,40,39,69,89.5,1,155,80,64,86.4,32.4,38.4,37,49,160,84,68,90,33.6,39.4,38,50.5,165,88,72,93.6,34.4,40.4,39,52,170,92,76,97.2,35.2,41.4,40,53.5,1
165.5,51.3,35.8,90.6,40.5,40.1,74.6,93.6,1,155,80,64,86.4,32.4,38.4,37,49,160,84,68,90,33.6,39.4,38,50.5,165,88,72,93.6,34.4,40.4,39,52,170,92,76,97.2,35.2,41.4,40,53.5,2
156.2,52,35,81.5,33,35,65.5,90,1,155,80,64,86.4,32.4,38.4,37,49,160,84,68,90,33.6,39.4,38,50.5,165,88,72,93.6,34.4,40.4,39,52,170,92,76,97.2,35.2,41.4,40,53.5,0
164.6,56,40,88,40.3,41,68,94.5,1,155,80,64,86.4,32.4,38.4,37,49,160,84,68,90,33.6,39.4,38,50.5,165,88,72,93.6,34.4,40.4,39,52,170,92,76,97.2,35.2,41.4,40,53.5,2
170.2,53,38.7,81.7,36.7,39.1,64.5,88.5,1,155,80,64,86.4,32.4,38.4,37,49,160,84,68,90,33.6,39.4,38,50.5,165,88,72,93.6,34.4,40.4,39,52,170,92,76,97.2,35.2,41.4,40,53.5,2
162,54,38,81,35,36.5,65,89.5,1,155,80,64,86.4,32.4,38.4,37,49,160,84,68,90,33.6,39.4,38,50.5,165,88,72,93.6,34.4,40.4,39,52,170,92,76,97.2,35.2,41.4,40,53.5,0
158.6,49.8,33.2,84.3,36.9,41.4,65.6,88.5,1,155,80,64,86.4,32.4,38.4,37,49,160,84,68,90,33.6,39.4,38,50.5,165,88,72,93.6,34.4,40.4,39,52,170,92,76,97.2,35.2,41.4,40,53.5,1
168.5,54.5,39,86.5,38,41,64.5,92.5,1,155,80,64,86.4,32.4,38.4,37,49,160,84,68,90,33.6,39.4,38,50.5,165,88,72,93.6,34.4,40.4,39,52,170,92,76,97.2,35.2,41.4,40,53.5,2
160,50,35.5,81,37,37,64,86,1,155,80,64,86.4,32.4,38.4,37,49,160,84,68,90,33.6,39.4,38,50.5,165,88,72,93.6,34.4,40.4,39,52,170,92,76,97.2,35.2,41.4,40,53.5,0
158,48.5,34,83.5,37,39,68.5,88.5,1,155,80,64,86.4,32.4,38.4,37,49,160,84,68,90,33.6,39.4,38,50.5,165,88,72,93.6,34.4,40.4,39,52,170,92,76,97.2,35.2,41.4,40,53.5,1
156,53,35.5,84,31.5,37.5,67,86.5,1,155,80,64,86.4,32.4,38.4,37,49,160,84,68,90,33.6,39.4,38,50.5,165,88,72,93.6,34.4,40.4,39,52,170,92,76,97.2,35.2,41.4,40,53.5,1
167.5,52,37.5,87,43,39,67,94.5,1,155,80,64,86.4,32.4,38.4,37,49,160,84,68,90,33.6,39.4,38,50.5,165,88,72,93.6,34.4,40.4,39,52,170,92,76,97.2,35.2,41.4,40,53.5,2
160,53,36.8,78,38.5,38,63,89,1,155,80,64,86.4,32.4,38.4,37,49,160,84,68,90,33.6,39.4,38,50.5,165,88,72,93.6,34.4,40.4,39,52,170,92,76,97.2,35.2,41.4,40,53.5,0
162,51,40,84,36,38,66,86,1,155,80,64,86.4,32.4,38.4,37,49,160,84,68,90,33.6,39.4,38,50.5,165,88,72,93.6,34.4,40.4,39,52,170,92,76,97.2,35.2,41.4,40,53.5,1
166.7,56.7,34.5,87,38.7,43.1,66.4,90.4,1,155,80,64,86.4,32.4,38.4,37,49,160,84,68,90,33.6,39.4,38,50.5,165,88,72,93.6,34.4,40.4,39,52,170,92,76,97.2,35.2,41.4,40,53.5,2
161,53.5,37.5,79,36,37,62.5,86,1,155,80,64,86.4,32.4,38.4,37,49,160,84,68,90,33.6,39.4,38,50.5,165,88,72,93.6,34.4,40.4,39,52,170,92,76,97.2,35.2,41.4,40,53.5,0
168,55,39,79,36,38,63,87,1,155,80,64,86.4,32.4,38.4,37,49,160,84,68,90,33.6,39.4,38,50.5,165,88,72,93.6,34.4,40.4,39,52,170,92,76,97.2,35.2,41.4,40,53.5,1
160.4,49.9,35.8,84.7,41.2,41.6,75.2,91.4,1,155,80,64,86.4,32.4,38.4,37,49,160,84,68,90,33.6,39.4,38,50.5,165,88,72,93.6,34.4,40.4,39,52,170,92,76,97.2,35.2,41.4,40,53.5,1
154.1,48.1,32.8,83.4,36.4,38.6,66.1,90.2,1,155,80,64,86.4,32.4,38.4,37,49,160,84,68,90,33.6,39.4,38,50.5,165,88,72,93.6,34.4,40.4,39,52,170,92,76,97.2,35.2,41.4,40,53.5,1
165,55.5,36,85.5,42,39.5,68.5,93,1,155,80,64,86.4,32.4,38.4,37,49,160,84,68,90,33.6,39.4,38,50.5,165,88,72,93.6,34.4,40.4,39,52,170,92,76,97.2,35.2,41.4,40,53.5,1
165.5,53,38.5,80.5,36,38.5,63,89.5,1,155,80,64,86.4,32.4,38.4,37,49,160,84,68,90,33.6,39.4,38,50.5,165,88,72,93.6,34.4,40.4,39,52,170,92,76,97.2,35.2,41.4,40,53.5,1
163,51,38,73,30,36,57,83,1,155,80,64,86.4,32.4,38.4,37,49,160,84,68,90,33.6,39.4,38,50.5,165,88,72,93.6,34.4,40.4,39,52,170,92,76,97.2,35.2,41.4,40,53.5,1
166.6,55.5,34.2,83.8,38.3,40.6,66.7,93.9,1,155,80,64,86.4,32.4,38.4,37,49,160,84,68,90,33.6,39.4,38,50.5,165,88,72,93.6,34.4,40.4,39,52,170,92,76,97.2,35.2,41.4,40,53.5,1
158.5,49,37.5,85,34,40,64,88,1,155,80,64,86.4,32.4,38.4,37,49,160,84,68,90,33.6,39.4,38,50.5,165,88,72,93.6,34.4,40.4,39,52,170,92,76,97.2,35.2,41.4,40,53.5,1
163,52,36,84,36,39,65,94,1,155,80,64,86.4,32.4,38.4,37,49,160,84,68,90,33.6,39.4,38,50.5,165,88,72,93.6,34.4,40.4,39,52,170,92,76,97.2,35.2,41.4,40,53.5,1
159,51,35,83.5,35.5,37,70.5,91.5,1,155,80,64,86.4,32.4,38.4,37,49,160,84,68,90,33.6,39.4,38,50.5,165,88,72,93.6,34.4,40.4,39,52,170,92,76,97.2,35.2,41.4,40,53.5,1
153.6,49.3,31.3,82.1,34.7,36.8,62.7,86.7,1,155,80,64,86.4,32.4,38.4,37,49,160,84,68,90,33.6,39.4,38,50.5,165,88,72,93.6,34.4,40.4,39,52,170,92,76,97.2,35.2,41.4,40,53.5,1
153.4,48.9,33,81.3,37.4,36.4,69.1,89.2,1,155,80,64,86.4,32.4,38.4,37,49,160,84,68,90,33.6,39.4,38,50.5,165,88,72,93.6,34.4,40.4,39,52,170,92,76,97.2,35.2,41.4,40,53.5,0
159.5,53,37,84,39,39,69,87,1,155,80,64,86.4,32.4,38.4,37,49,160,84,68,90,33.6,39.4,38,50.5,165,88,72,93.6,34.4,40.4,39,52,170,92,76,97.2,35.2,41.4,40,53.5,1
162,52,32,80.5,34,36,65,90,1,155,80,64,86.4,32.4,38.4,37,49,160,84,68,90,33.6,39.4,38,50.5,165,88,72,93.6,34.4,40.4,39,52,170,92,76,97.2,35.2,41.4,40,53.5,0
167.6,57,40,81,40,38,63.2,89.5,1,155,80,64,86.4,32.4,38.4,37,49,160,84,68,90,33.6,39.4,38,50.5,165,88,72,93.6,34.4,40.4,39,52,170,92,76,97.2,35.2,41.4,40,53.5,2
168,56,38,88,38.5,36.5,69.5,96,1,155,80,64,86.4,32.4,38.4,37,49,160,84,68,90,33.6,39.4,38,50.5,165,88,72,93.6,34.4,40.4,39,52,170,92,76,97.2,35.2,41.4,40,53.5,2
163,53.7,33.3,87,38.4,40.4,73.6,93.5,1,155,80,64,86.4,32.4,38.4,37,49,160,84,68,90,33.6,39.4,38,50.5,165,88,72,93.6,34.4,40.4,39,52,170,92,76,97.2,35.2,41.4,40,53.5,2
161,52,37,85.5,38,37.5,67.5,88.5,1,155,80,64,86.4,32.4,38.4,37,49,160,84,68,90,33.6,39.4,38,50.5,165,88,72,93.6,34.4,40.4,39,52,170,92,76,97.2,35.2,41.4,40,53.5,1
161,51,37,82,39.5,38,66,86,1,155,80,64,86.4,32.4,38.4,37,49,160,84,68,90,33.6,39.4,38,50.5,165,88,72,93.6,34.4,40.4,39,52,170,92,76,97.2,35.2,41.4,40,53.5,1
153,50,37,82,35,37,66,88,1,155,80,64,86.4,32.4,38.4,37,49,160,84,68,90,33.6,39.4,38,50.5,165,88,72,93.6,34.4,40.4,39,52,170,92,76,97.2,35.2,41.4,40,53.5,0
159,53,35.5,85.5,43,41,67,86,1,155,80,64,86.4,32.4,38.4,37,49,160,84,68,90,33.6,39.4,38,50.5,165,88,72,93.6,34.4,40.4,39,52,170,92,76,97.2,35.2,41.4,40,53.5,0
170.8,54.3,37.4,83,36.3,42.5,68.5,92.8,1,155,80,64,86.4,32.4,38.4,37,49,160,84,68,90,33.6,39.4,38,50.5,165,88,72,93.6,34.4,40.4,39,52,170,92,76,97.2,35.2,41.4,40,53.5,2
173.1,56.4,33.1,87.8,36.6,39.8,71.7,94.1,1,155,80,64,86.4,32.4,38.4,37,49,160,84,68,90,33.6,39.4,38,50.5,165,88,72,93.6,34.4,40.4,39,52,170,92,76,97.2,35.2,41.4,40,53.5,2
158.5,52,38,86,36,38,68,86.5,1,155,80,64,86.4,32.4,38.4,37,49,160,84,68,90,33.6,39.4,38,50.5,165,88,72,93.6,34.4,40.4,39,52,170,92,76,97.2,35.2,41.4,40,53.5,1
155,51,36.5,80,43,35,61,81,1,155,80,64,86.4,32.4,38.4,37,49,160,84,68,90,33.6,39.4,38,50.5,165,88,72,93.6,34.4,40.4,39,52,170,92,76,97.2,35.2,41.4,40,53.5,0
156.5,52,36,82,38.5,36.5,71,87,1,155,80,64,86.4,32.4,38.4,37,49,160,84,68,90,33.6,39.4,38,50.5,165,88,72,93.6,34.4,40.4,39,52,170,92,76,97.2,35.2,41.4,40,53.5,1
164,52,35,80,36.5,36,60.5,85.5,1,155,80,64,86.4,32.4,38.4,37,49,160,84,68,90,33.6,39.4,38,50.5,165,88,72,93.6,34.4,40.4,39,52,170,92,76,97.2,35.2,41.4,40,53.5,1
171.2,53.7,36.3,85.3,38.2,39.3,68.7,94.6,1,155,80,64,86.4,32.4,38.4,37,49,160,84,68,90,33.6,39.4,38,50.5,165,88,72,93.6,34.4,40.4,39,52,170,92,76,97.2,35.2,41.4,40,53.5,2
161,54,36.5,86,38,39,68,88,1,155,80,64,86.4,32.4,38.4,37,49,160,84,68,90,33.6,39.4,38,50.5,165,88,72,93.6,34.4,40.4,39,52,170,92,76,97.2,35.2,41.4,40,53.5,1
160.5,50,36,77,38,37,64.5,83,1,155,80,64,86.4,32.4,38.4,37,49,160,84,68,90,33.6,39.4,38,50.5,165,88,72,93.6,34.4,40.4,39,52,170,92,76,97.2,35.2,41.4,40,53.5,0
157.5,51.5,35,81,35.5,37.5,62.5,84.5,1,155,80,64,86.4,32.4,38.4,37,49,160,84,68,90,33.6,39.4,38,50.5,165,88,72,93.6,34.4,40.4,39,52,170,92,76,97.2,35.2,41.4,40,53.5,0
156,49.5,35,73,36,35,59,84,1,155,80,64,86.4,32.4,38.4,37,49,160,84,68,90,33.6,39.4,38,50.5,165,88,72,93.6,34.4,40.4,39,52,170,92,76,97.2,35.2,41.4,40,53.5,0
169.3,52.6,35.9,80,35.7,35.5,61.2,91.5,1,155,80,64,86.4,32.4,38.4,37,49,160,84,68,90,33.6,39.4,38,50.5,165,88,72,93.6,34.4,40.4,39,52,170,92,76,97.2,35.2,41.4,40,53.5,2
165.3,51.7,35.7,83.8,37.6,38.5,62.1,87.7,1,155,80,64,86.4,32.4,38.4,37,49,160,84,68,90,33.6,39.4,38,50.5,165,88,72,93.6,34.4,40.4,39,52,170,92,76,97.2,35.2,41.4,40,53.5,1
161.5,52.7,39,77,34.5,40.5,60,85,1,155,80,64,86.4,32.4,38.4,37,49,160,84,68,90,33.6,39.4,38,50.5,165,88,72,93.6,34.4,40.4,39,52,170,92,76,97.2,35.2,41.4,40,53.5,0
170.9,52.1,37.2,84.8,38,38.7,66.7,94.9,1,155,80,64,86.4,32.4,38.4,37,49,160,84,68,90,33.6,39.4,38,50.5,165,88,72,93.6,34.4,40.4,39,52,170,92,76,97.2,35.2,41.4,40,53.5,2
160.4,48.9,35.6,78.5,36.5,39.3,60.6,87.4,1,155,80,64,86.4,32.4,38.4,37,49,160,84,68,90,33.6,39.4,38,50.5,165,88,72,93.6,34.4,40.4,39,52,170,92,76,97.2,35.2,41.4,40,53.5,0
156.3,52,36,87,37,33,66,84,1,155,80,64,86.4,32.4,38.4,37,49,160,84,68,90,33.6,39.4,38,50.5,165,88,72,93.6,34.4,40.4,39,52,170,92,76,97.2,35.2,41.4,40,53.5,1
165.3,55.4,35.4,87,39.5,40.5,66.8,93.3,1,155,80,64,86.4,32.4,38.4,37,49,160,84,68,90,33.6,39.4,38,50.5,165,88,72,93.6,34.4,40.4,39,52,170,92,76,97.2,35.2,41.4,40,53.5,2
157,52,36,85,38,39,66,89,1,155,80,64,86.4,32.4,38.4,37,49,160,84,68,90,33.6,39.4,38,50.5,165,88,72,93.6,34.4,40.4,39,52,170,92,76,97.2,35.2,41.4,40,53.5,1
154,50,37,82.5,36.5,35,66,89,1,155,80,64,86.4,32.4,38.4,37,49,160,84,68,90,33.6,39.4,38,50.5,165,88,72,93.6,34.4,40.4,39,52,170,92,76,97.2,35.2,41.4,40,53.5,0
158,50,34,80,36,37.5,65,88.5,1,155,80,64,86.4,32.4,38.4,37,49,160,84,68,90,33.6,39.4,38,50.5,165,88,72,93.6,34.4,40.4,39,52,170,92,76,97.2,35.2,41.4,40,53.5,0
172,56,37.5,84.5,40,42,66.5,98,1,155,80,64,86.4,32.4,38.4,37,49,160,84,68,90,33.6,39.4,38,50.5,165,88,72,93.6,34.4,40.4,39,52,170,92,76,97.2,35.2,41.4,40,53.5,2
163.1,52.5,35.7,85,39.2,39.4,69.1,91.1,1,155,80,64,86.4,32.4,38.4,37,49,160,84,68,90,33.6,39.4,38,50.5,165,88,72,93.6,34.4,40.4,39,52,170,92,76,97.2,35.2,41.4,40,53.5,1
160,49.5,38,83.5,38,39,67.5,93.5,1,155,80,64,86.4,32.4,38.4,37,49,160,84,68,90,33.6,39.4,38,50.5,165,88,72,93.6,34.4,40.4,39,52,170,92,76,97.2,35.2,41.4,40,53.5,1
154.7,51,34,80,33,38,66,89,1,155,80,64,86.4,32.4,38.4,37,49,160,84,68,90,33.6,39.4,38,50.5,165,88,72,93.6,34.4,40.4,39,52,170,92,76,97.2,35.2,41.4,40,53.5,0
163.7,52.5,34,76,35,37.5,61,87,1,155,80,64,86.4,32.4,38.4,37,49,160,84,68,90,33.6,39.4,38,50.5,165,88,72,93.6,34.4,40.4,39,52,170,92,76,97.2,35.2,41.4,40,53.5,1
154,52,38,87,38,39,66,88,1,155,80,64,86.4,32.4,38.4,37,49,160,84,68,90,33.6,39.4,38,50.5,165,88,72,93.6,34.4,40.4,39,52,170,92,76,97.2,35.2,41.4,40,53.5,1
155,49.5,37,80.5,35,35,64,91.5,1,155,80,64,86.4,32.4,38.4,37,49,160,84,68,90,33.6,39.4,38,50.5,165,88,72,93.6,34.4,40.4,39,52,170,92,76,97.2,35.2,41.4,40,53.5,0
165.3,51.2,35,83.7,38.7,38,63.8,88.1,1,155,80,64,86.4,32.4,38.4,37,49,160,84,68,90,33.6,39.4,38,50.5,165,88,72,93.6,34.4,40.4,39,52,170,92,76,97.2,35.2,41.4,40,53.5,1
157.3,49.1,32.1,78.9,37.4,38.9,63.4,86,1,155,80,64,86.4,32.4,38.4,37,49,160,84,68,90,33.6,39.4,38,50.5,165,88,72,93.6,34.4,40.4,39,52,170,92,76,97.2,35.2,41.4,40,53.5,0
157.5,51.5,34,76,30.5,34.5,56,86,1,155,80,64,86.4,32.4,38.4,37,49,160,84,68,90,33.6,39.4,38,50.5,165,88,72,93.6,34.4,40.4,39,52,170,92,76,97.2,35.2,41.4,40,53.5,0
173.1,56.5,32.7,87.4,36.4,40.2,72.4,94,1,155,80,64,86.4,32.4,38.4,37,49,160,84,68,90,33.6,39.4,38,50.5,165,88,72,93.6,34.4,40.4,39,52,170,92,76,97.2,35.2,41.4,40,53.5,2
156.3,50,31.5,83,37,34.5,66,87,1,155,80,64,86.4,32.4,38.4,37,49,160,84,68,90,33.6,39.4,38,50.5,165,88,72,93.6,34.4,40.4,39,52,170,92,76,97.2,35.2,41.4,40,53.5,0
163.5,50.5,40.5,81.5,37.5,42,70,89,1,155,80,64,86.4,32.4,38.4,37,49,160,84,68,90,33.6,39.4,38,50.5,165,88,72,93.6,34.4,40.4,39,52,170,92,76,97.2,35.2,41.4,40,53.5,1
166.6,55.7,33.8,87.3,36.4,41.6,67.1,88.4,1,155,80,64,86.4,32.4,38.4,37,49,160,84,68,90,33.6,39.4,38,50.5,165,88,72,93.6,34.4,40.4,39,52,170,92,76,97.2,35.2,41.4,40,53.5,2
162.5,54.5,39.5,85,35.5,38,66,91,1,155,80,64,86.4,32.4,38.4,37,49,160,84,68,90,33.6,39.4,38,50.5,165,88,72,93.6,34.4,40.4,39,52,170,92,76,97.2,35.2,41.4,40,53.5,1
158,50,36.5,81,38,40,64,87,1,155,80,64,86.4,32.4,38.4,37,49,160,84,68,90,33.6,39.4,38,50.5,165,88,72,93.6,34.4,40.4,39,52,170,92,76,97.2,35.2,41.4,40,53.5,0
155,52,34,81,35,38,63,88,1,155,80,64,86.4,32.4,38.4,37,49,160,84,68,90,33.6,39.4,38,50.5,165,88,72,93.6,34.4,40.4,39,52,170,92,76,97.2,35.2,41.4,40,53.5,0
158.5,51,39,86,38,38.5,70.5,93,1,155,80,64,86.4,32.4,38.4,37,49,160,84,68,90,33.6,39.4,38,50.5,165,88,72,93.6,34.4,40.4,39,52,170,92,76,97.2,35.2,41.4,40,53.5,1
161,56,37,84,36.5,39,67.5,89,1,155,80,64,86.4,32.4,38.4,37,49,160,84,68,90,33.6,39.4,38,50.5,165,88,72,93.6,34.4,40.4,39,52,170,92,76,97.2,35.2,41.4,40,53.5,1
153,48.5,37,85,36.5,36.5,63,87.5,1,155,80,64,86.4,32.4,38.4,37,49,160,84,68,90,33.6,39.4,38,50.5,165,88,72,93.6,34.4,40.4,39,52,170,92,76,97.2,35.2,41.4,40,53.5,1
155.5,51.6,34.3,88.2,38.3,39.1,76,92.2,1,155,80,64,86.4,32.4,38.4,37,49,160,84,68,90,33.6,39.4,38,50.5,165,88,72,93.6,34.4,40.4,39,52,170,92,76,97.2,35.2,41.4,40,53.5,1
163.9,51,32,78,36.5,37,65,91,1,155,80,64,86.4,32.4,38.4,37,49,160,84,68,90,33.6,39.4,38,50.5,165,88,72,93.6,34.4,40.4,39,52,170,92,76,97.2,35.2,41.4,40,53.5,1
160.6,50.6,34.2,85.7,37.2,39.8,66.6,90.1,1,155,80,64,86.4,32.4,38.4,37,49,160,84,68,90,33.6,39.4,38,50.5,165,88,72,93.6,34.4,40.4,39,52,170,92,76,97.2,35.2,41.4,40,53.5,1
154.5,49,34,74,34,34,58,79.5,1,155,80,64,86.4,32.4,38.4,37,49,160,84,68,90,33.6,39.4,38,50.5,165,88,72,93.6,34.4,40.4,39,52,170,92,76,97.2,35.2,41.4,40,53.5,0
171.2,55.4,37.7,84,36.4,38.7,66.6,95.5,1,155,80,64,86.4,32.4,38.4,37,49,160,84,68,90,33.6,39.4,38,50.5,165,88,72,93.6,34.4,40.4,39,52,170,92,76,97.2,35.2,41.4,40,53.5,2
160.3,48.9,37.2,78.7,37.4,39.2,60.5,87.2,1,155,80,64,86.4,32.4,38.4,37,49,160,84,68,90,33.6,39.4,38,50.5,165,88,72,93.6,34.4,40.4,39,52,170,92,76,97.2,35.2,41.4,40,53.5,0
158,49,38,81,36,38,64.5,89.5,1,155,80,64,86.4,32.4,38.4,37,49,160,84,68,90,33.6,39.4,38,50.5,165,88,72,93.6,34.4,40.4,39,52,170,92,76,97.2,35.2,41.4,40,53.5,0
153.5,48,35,80,42,35,62.3,85,1,155,80,64,86.4,32.4,38.4,37,49,160,84,68,90,33.6,39.4,38,50.5,165,88,72,93.6,34.4,40.4,39,52,170,92,76,97.2,35.2,41.4,40,53.5,0
162.8,53.3,32.6,86,37.9,40.5,72.6,93.8,1,155,80,64,86.4,32.4,38.4,37,49,160,84,68,90,33.6,39.4,38,50.5,165,88,72,93.6,34.4,40.4,39,52,170,92,76,97.2,35.2,41.4,40,53.5,1
169.3,52.1,37.6,86.2,34.5,39.1,66.1,91,1,155,80,64,86.4,32.4,38.4,37,49,160,84,68,90,33.6,39.4,38,50.5,165,88,72,93.6,34.4,40.4,39,52,170,92,76,97.2,35.2,41.4,40,53.5,2
166.4,55,40,81,33.5,44.2,69,92.5,1,155,80,64,86.4,32.4,38.4,37,49,160,84,68,90,33.6,39.4,38,50.5,165,88,72,93.6,34.4,40.4,39,52,170,92,76,97.2,35.2,41.4,40,53.5,2
154.5,50,33.5,77.5,40,37,64,83,1,155,80,64,86.4,32.4,38.4,37,49,160,84,68,90,33.6,39.4,38,50.5,165,88,72,93.6,34.4,40.4,39,52,170,92,76,97.2,35.2,41.4,40,53.5,0
154,50,37.5,80,37,37,62,87,1,155,80,64,86.4,32.4,38.4,37,49,160,84,68,90,33.6,39.4,38,50.5,165,88,72,93.6,34.4,40.4,39,52,170,92,76,97.2,35.2,41.4,40,53.5,0
169.1,50.2,37.3,85.3,33.7,40,69.5,90,1,155,80,64,86.4,32.4,38.4,37,49,160,84,68,90,33.6,39.4,38,50.5,165,88,72,93.6,34.4,40.4,39,52,170,92,76,97.2,35.2,41.4,40,53.5,2
170.5,53.6,36.7,84.3,35.3,40.6,66.4,94,1,155,80,64,86.4,32.4,38.4,37,49,160,84,68,90,33.6,39.4,38,50.5,165,88,72,93.6,34.4,40.4,39,52,170,92,76,97.2,35.2,41.4,40,53.5,2
157.5,48.5,32.5,80.5,37.5,39.5,66,89,1,155,80,64,86.4,32.4,38.4,37,49,160,84,68,90,33.6,39.4,38,50.5,165,88,72,93.6,34.4,40.4,39,52,170,92,76,97.2,35.2,41.4,40,53.5,0
165,55,38.5,82,40,41,66,87,1,155,80,64,86.4,32.4,38.4,37,49,160,84,68,90,33.6,39.4,38,50.5,165,88,72,93.6,34.4,40.4,39,52,170,92,76,97.2,35.2,41.4,40,53.5,1
163,53,38,80,35,31,60,86,1,155,80,64,86.4,32.4,38.4,37,49,160,84,68,90,33.6,39.4,38,50.5,165,88,72,93.6,34.4,40.4,39,52,170,92,76,97.2,35.2,41.4,40,53.5,1
172.8,54.2,35.4,83.5,35.8,38.8,66.5,92.9,1,155,80,64,86.4,32.4,38.4,37,49,160,84,68,90,33.6,39.4,38,50.5,165,88,72,93.6,34.4,40.4,39,52,170,92,76,97.2,35.2,41.4,40,53.5,2
154.5,47,32,76,35,35,60,84,1,155,80,64,86.4,32.4,38.4,37,49,160,84,68,90,33.6,39.4,38,50.5,165,88,72,93.6,34.4,40.4,39,52,170,92,76,97.2,35.2,41.4,40,53.5,0
158.1,49,31,79,36,39,61.5,93,1,155,80,64,86.4,32.4,38.4,37,49,160,84,68,90,33.6,39.4,38,50.5,165,88,72,93.6,34.4,40.4,39,52,170,92,76,97.2,35.2,41.4,40,53.5,0
166.5,51,38,81,35,35,63,89.5,1,155,80,64,86.4,32.4,38.4,37,49,160,84,68,90,33.6,39.4,38,50.5,165,88,72,93.6,34.4,40.4,39,52,170,92,76,97.2,35.2,41.4,40,53.5,1
163.3,53,38,83,39,38,66,88,1,155,80,64,86.4,32.4,38.4,37,49,160,84,68,90,33.6,39.4,38,50.5,165,88,72,93.6,34.4,40.4,39,52,170,92,76,97.2,35.2,41.4,40,53.5,1
165,56,37,86,38,39,64,90,1,155,80,64,86.4,32.4,38.4,37,49,160,84,68,90,33.6,39.4,38,50.5,165,88,72,93.6,34.4,40.4,39,52,170,92,76,97.2,35.2,41.4,40,53.5,1
157.6,51,35.5,83,35,39,65,89,1,155,80,64,86.4,32.4,38.4,37,49,160,84,68,90,33.6,39.4,38,50.5,165,88,72,93.6,34.4,40.4,39,52,170,92,76,97.2,35.2,41.4,40,53.5,1
165,55,39,83,39.2,39,63.8,91.5,1,155,80,64,86.4,32.4,38.4,37,49,160,84,68,90,33.6,39.4,38,50.5,165,88,72,93.6,34.4,40.4,39,52,170,92,76,97.2,35.2,41.4,40,53.5,1
159.5,54,37,80,38,35,63,88,1,155,80,64,86.4,32.4,38.4,37,49,160,84,68,90,33.6,39.4,38,50.5,165,88,72,93.6,34.4,40.4,39,52,170,92,76,97.2,35.2,41.4,40,53.5,0
161,52,37,84,37,38,63,86,1,155,80,64,86.4,32.4,38.4,37,49,160,84,68,90,33.6,39.4,38,50.5,165,88,72,93.6,34.4,40.4,39,52,170,92,76,97.2,35.2,41.4,40,53.5,1
166.4,55.4,33.1,87.6,37.2,41.7,67.5,88.7,1,155,80,64,86.4,32.4,38.4,37,49,160,84,68,90,33.6,39.4,38,50.5,165,88,72,93.6,34.4,40.4,39,52,170,92,76,97.2,35.2,41.4,40,53.5,2
158.7,49.9,34.2,83.7,37,41.2,65.7,88.8,1,155,80,64,86.4,32.4,38.4,37,49,160,84,68,90,33.6,39.4,38,50.5,165,88,72,93.6,34.4,40.4,39,52,170,92,76,97.2,35.2,41.4,40,53.5,1
163,51,39,82,33,34,63,85,1,155,80,64,86.4,32.4,38.4,37,49,160,84,68,90,33.6,39.4,38,50.5,165,88,72,93.6,34.4,40.4,39,52,170,92,76,97.2,35.2,41.4,40,53.5,1
160,49,37,80,38,38,64,89,1,155,80,64,86.4,32.4,38.4,37,49,160,84,68,90,33.6,39.4,38,50.5,165,88,72,93.6,34.4,40.4,39,52,170,92,76,97.2,35.2,41.4,40,53.5,0
165,54,39,93,40,40,72,93,1,155,80,64,86.4,32.4,38.4,37,49,160,84,68,90,33.6,39.4,38,50.5,165,88,72,93.6,34.4,40.4,39,52,170,92,76,97.2,35.2,41.4,40,53.5,2
162,51,34,85,38,37.5,68,92,1,155,80,64,86.4,32.4,38.4,37,49,160,84,68,90,33.6,39.4,38,50.5,165,88,72,93.6,34.4,40.4,39,52,170,92,76,97.2,35.2,41.4,40,53.5,1
173.8,56.8,36.9,86.6,35.6,39.1,65.9,92,1,155,80,64,86.4,32.4,38.4,37,49,160,84,68,90,33.6,39.4,38,50.5,165,88,72,93.6,34.4,40.4,39,52,170,92,76,97.2,35.2,41.4,40,53.5,2
155,50,36,78,32,36,61,85,1,155,80,64,86.4,32.4,38.4,37,49,160,84,68,90,33.6,39.4,38,50.5,165,88,72,93.6,34.4,40.4,39,52,170,92,76,97.2,35.2,41.4,40,53.5,0
162.5,51,37,76.5,38,38,62,86,1,155,80,64,86.4,32.4,38.4,37,49,160,84,68,90,33.6,39.4,38,50.5,165,88,72,93.6,34.4,40.4,39,52,170,92,76,97.2,35.2,41.4,40,53.5,0
166.5,55,37,90,37,40,68,91,1,155,80,64,86.4,32.4,38.4,37,49,160,84,68,90,33.6,39.4,38,50.5,165,88,72,93.6,34.4,40.4,39,52,170,92,76,97.2,35.2,41.4,40,53.5,2
159.2,50,36,80,33,36,63,88.5,1,155,80,64,86.4,32.4,38.4,37,49,160,84,68,90,33.6,39.4,38,50.5,165,88,72,93.6,34.4,40.4,39,52,170,92,76,97.2,35.2,41.4,40,53.5,0
159.5,53,35,79,33,39.5,63,86.5,1,155,80,64,86.4,32.4,38.4,37,49,160,84,68,90,33.6,39.4,38,50.5,165,88,72,93.6,34.4,40.4,39,52,170,92,76,97.2,35.2,41.4,40,53.5,0
163.8,50,38.5,84,39,36.5,64.5,91,1,155,80,64,86.4,32.4,38.4,37,49,160,84,68,90,33.6,39.4,38,50.5,165,88,72,93.6,34.4,40.4,39,52,170,92,76,97.2,35.2,41.4,40,53.5,1
156.5,52,40,80,33.5,36,65,88,1,155,80,64,86.4,32.4,38.4,37,49,160,84,68,90,33.6,39.4,38,50.5,165,88,72,93.6,34.4,40.4,39,52,170,92,76,97.2,35.2,41.4,40,53.5,0
156,50,34,79,37,37,65,89,1,155,80,64,86.4,32.4,38.4,37,49,160,84,68,90,33.6,39.4,38,50.5,165,88,72,93.6,34.4,40.4,39,52,170,92,76,97.2,35.2,41.4,40,53.5,0
156,48.5,32,81,40,36,64,85.5,1,155,80,64,86.4,32.4,38.4,37,49,160,84,68,90,33.6,39.4,38,50.5,165,88,72,93.6,34.4,40.4,39,52,170,92,76,97.2,35.2,41.4,40,53.5,0
167.6,52.5,35,84,37.5,39,69,91,1,155,80,64,86.4,32.4,38.4,37,49,160,84,68,90,33.6,39.4,38,50.5,165,88,72,93.6,34.4,40.4,39,52,170,92,76,97.2,35.2,41.4,40,53.5,2
158.7,54,40,78,36,36,58.5,82.5,1,155,80,64,86.4,32.4,38.4,37,49,160,84,68,90,33.6,39.4,38,50.5,165,88,72,93.6,34.4,40.4,39,52,170,92,76,97.2,35.2,41.4,40,53.5,0
163.7,53,39,86,38,39,69.2,92,1,155,80,64,86.4,32.4,38.4,37,49,160,84,68,90,33.6,39.4,38,50.5,165,88,72,93.6,34.4,40.4,39,52,170,92,76,97.2,35.2,41.4,40,53.5,1
160,53,38,85,35,37,65,88,1,155,80,64,86.4,32.4,38.4,37,49,160,84,68,90,33.6,39.4,38,50.5,165,88,72,93.6,34.4,40.4,39,52,170,92,76,97.2,35.2,41.4,40,53.5,1
161.5,52.3,39.7,81.4,36.7,38.8,58.3,84.4,1,155,80,64,86.4,32.4,38.4,37,49,160,84,68,90,33.6,39.4,38,50.5,165,88,72,93.6,34.4,40.4,39,52,170,92,76,97.2,35.2,41.4,40,53.5,0
163.5,54,38,87,35.5,38,71,91,1,155,80,64,86.4,32.4,38.4,37,49,160,84,68,90,33.6,39.4,38,50.5,165,88,72,93.6,34.4,40.4,39,52,170,92,76,97.2,35.2,41.4,40,53.5,2
161.2,54,38,81,38,40,62,88,1,155,80,64,86.4,32.4,38.4,37,49,160,84,68,90,33.6,39.4,38,50.5,165,88,72,93.6,34.4,40.4,39,52,170,92,76,97.2,35.2,41.4,40,53.5,0
173.4,52.9,39.2,84.1,35.6,39.8,62,87.4,1,155,80,64,86.4,32.4,38.4,37,49,160,84,68,90,33.6,39.4,38,50.5,165,88,72,93.6,34.4,40.4,39,52,170,92,76,97.2,35.2,41.4,40,53.5,2
161,49.5,37,78.5,35,38,58,85,1,155,80,64,86.4,32.4,38.4,37,49,160,84,68,90,33.6,39.4,38,50.5,165,88,72,93.6,34.4,40.4,39,52,170,92,76,97.2,35.2,41.4,40,53.5,0
159.9,52.7,37.2,81.6,37.2,40.4,67.7,91.4,1,155,80,64,86.4,32.4,38.4,37,49,160,84,68,90,33.6,39.4,38,50.5,165,88,72,93.6,34.4,40.4,39,52,170,92,76,97.2,35.2,41.4,40,53.5,1
171,53.6,37.9,83.4,38,40,63.9,88.8,1,155,80,64,86.4,32.4,38.4,37,49,160,84,68,90,33.6,39.4,38,50.5,165,88,72,93.6,34.4,40.4,39,52,170,92,76,97.2,35.2,41.4,40,53.5,2
173.1,52.8,37.6,86.9,39.3,35.6,66.9,91.3,1,155,80,64,86.4,32.4,38.4,37,49,160,84,68,90,33.6,39.4,38,50.5,165,88,72,93.6,34.4,40.4,39,52,170,92,76,97.2,35.2,41.4,40,53.5,2
166,52,38,85,37,34,65,90.5,1,155,80,64,86.4,32.4,38.4,37,49,160,84,68,90,33.6,39.4,38,50.5,165,88,72,93.6,34.4,40.4,39,52,170,92,76,97.2,35.2,41.4,40,53.5,2
168.5,53,37.5,79,36,39,63.5,85.5,1,155,80,64,86.4,32.4,38.4,37,49,160,84,68,90,33.6,39.4,38,50.5,165,88,72,93.6,34.4,40.4,39,52,170,92,76,97.2,35.2,41.4,40,53.5,2
153.5,47.9,31.5,78.1,35.3,35.6,61.8,84.7,1,155,80,64,86.4,32.4,38.4,37,49,160,84,68,90,33.6,39.4,38,50.5,165,88,72,93.6,34.4,40.4,39,52,170,92,76,97.2,35.2,41.4,40,53.5,0
169.1,51.2,36.8,86.3,35,39.6,66.1,90.4,1,155,80,64,86.4,32.4,38.4,37,49,160,84,68,90,33.6,39.4,38,50.5,165,88,72,93.6,34.4,40.4,39,52,170,92,76,97.2,35.2,41.4,40,53.5,2
169,53,38,89,36,35,66,92,1,155,80,64,86.4,32.4,38.4,37,49,160,84,68,90,33.6,39.4,38,50.5,165,88,72,93.6,34.4,40.4,39,52,170,92,76,97.2,35.2,41.4,40,53.5,2
160,57,38.5,86,40,40,68,89.5,1,155,80,64,86.4,32.4,38.4,37,49,160,84,68,90,33.6,39.4,38,50.5,165,88,72,93.6,34.4,40.4,39,52,170,92,76,97.2,35.2,41.4,40,53.5,1
169.5,53,39.8,83.5,37,40,66.5,95,1,155,80,64,86.4,32.4,38.4,37,49,160,84,68,90,33.6,39.4,38,50.5,165,88,72,93.6,34.4,40.4,39,52,170,92,76,97.2,35.2,41.4,40,53.5,2
162,51,36,83,34,39,61.2,86,1,155,80,64,86.4,32.4,38.4,37,49,160,84,68,90,33.6,39.4,38,50.5,165,88,72,93.6,34.4,40.4,39,52,170,92,76,97.2,35.2,41.4,40,53.5,1
160.1,53.4,36.8,81.4,37,40.1,67.3,91.9,1,155,80,64,86.4,32.4,38.4,37,49,160,84,68,90,33.6,39.4,38,50.5,165,88,72,93.6,34.4,40.4,39,52,170,92,76,97.2,35.2,41.4,40,53.5,1
173.7,56.4,36.7,84,37.4,38,64.4,90,1,155,80,64,86.4,32.4,38.4,37,49,160,84,68,90,33.6,39.4,38,50.5,165,88,72,93.6,34.4,40.4,39,52,170,92,76,97.2,35.2,41.4,40,53.5,2
165,53.5,36,89,39,42,72,96.5,1,155,80,64,86.4,32.4,38.4,37,49,160,84,68,90,33.6,39.4,38,50.5,165,88,72,93.6,34.4,40.4,39,52,170,92,76,97.2,35.2,41.4,40,53.5,2
158,52,34,83,37,37,64,88.5,1,155,80,64,86.4,32.4,38.4,37,49,160,84,68,90,33.6,39.4,38,50.5,165,88,72,93.6,34.4,40.4,39,52,170,92,76,97.2,35.2,41.4,40,53.5,1
165.6,52.2,35.3,90,40.7,38.3,74.3,94.1,1,155,80,64,86.4,32.4,38.4,37,49,160,84,68,90,33.6,39.4,38,50.5,165,88,72,93.6,34.4,40.4,39,52,170,92,76,97.2,35.2,41.4,40,53.5,2
158.6,50.4,34.4,77.7,37.5,35.5,67.9,84.6,1,155,80,64,86.4,32.4,38.4,37,49,160,84,68,90,33.6,39.4,38,50.5,165,88,72,93.6,34.4,40.4,39,52,170,92,76,97.2,35.2,41.4,40,53.5,0
171.1,52.1,39,84.7,36.6,39.4,67,94.6,1,155,80,64,86.4,32.4,38.4,37,49,160,84,68,90,33.6,39.4,38,50.5,165,88,72,93.6,34.4,40.4,39,52,170,92,76,97.2,35.2,41.4,40,53.5,2
161,50,38.5,78,35.5,38,63,91,1,155,80,64,86.4,32.4,38.4,37,49,160,84,68,90,33.6,39.4,38,50.5,165,88,72,93.6,34.4,40.4,39,52,170,92,76,97.2,35.2,41.4,40,53.5,0
156,50,35.5,82.5,33,39,68.5,87.5,1,155,80,64,86.4,32.4,38.4,37,49,160,84,68,90,33.6,39.4,38,50.5,165,88,72,93.6,34.4,40.4,39,52,170,92,76,97.2,35.2,41.4,40,53.5,0
169.8,53.6,35.5,86.5,40.3,43.6,71.8,92.8,1,155,80,64,86.4,32.4,38.4,37,49,160,84,68,90,33.6,39.4,38,50.5,165,88,72,93.6,34.4,40.4,39,52,170,92,76,97.2,35.2,41.4,40,53.5,2
170.8,51.3,39.2,84.8,35.2,41.9,59.9,84.7,1,155,80,64,86.4,32.4,38.4,37,49,160,84,68,90,33.6,39.4,38,50.5,165,88,72,93.6,34.4,40.4,39,52,170,92,76,97.2,35.2,41.4,40,53.5,2
161,51,35.5,77,37,38.5,59.5,85,1,155,80,64,86.4,32.4,38.4,37,49,160,84,68,90,33.6,39.4,38,50.5,165,88,72,93.6,34.4,40.4,39,52,170,92,76,97.2,35.2,41.4,40,53.5,0
159,48.5,36,78,36,36,61,91,1,155,80,64,86.4,32.4,38.4,37,49,160,84,68,90,33.6,39.4,38,50.5,165,88,72,93.6,34.4,40.4,39,52,170,92,76,97.2,35.2,41.4,40,53.5,0
154,48,34.5,84,37,39,66,87,1,155,80,64,86.4,32.4,38.4,37,49,160,84,68,90,33.6,39.4,38,50.5,165,88,72,93.6,34.4,40.4,39,52,170,92,76,97.2,35.2,41.4,40,53.5,0
160.2,51.5,39,80.5,38,37,64,89,1,155,80,64,86.4,32.4,38.4,37,49,160,84,68,90,33.6,39.4,38,50.5,165,88,72,93.6,34.4,40.4,39,52,170,92,76,97.2,35.2,41.4,40,53.5,0
164,54,40,80.5,35,37,62,86,1,155,80,64,86.4,32.4,38.4,37,49,160,84,68,90,33.6,39.4,38,50.5,165,88,72,93.6,34.4,40.4,39,52,170,92,76,97.2,35.2,41.4,40,53.5,1
169.3,56,37,85.5,40,36,66.5,92,1,155,80,64,86.4,32.4,38.4,37,49,160,84,68,90,33.6,39.4,38,50.5,165,88,72,93.6,34.4,40.4,39,52,170,92,76,97.2,35.2,41.4,40,53.5,2
159.2,51,32.5,78.5,34,36,60.5,84,1,155,80,64,86.4,32.4,38.4,37,49,160,84,68,90,33.6,39.4,38,50.5,165,88,72,93.6,34.4,40.4,39,52,170,92,76,97.2,35.2,41.4,40,53.5,0
163,49.5,34.5,77,39,39,58,85,1,155,80,64,86.4,32.4,38.4,37,49,160,84,68,90,33.6,39.4,38,50.5,165,88,72,93.6,34.4,40.4,39,52,170,92,76,97.2,35.2,41.4,40,53.5,1
